compiler,optimization,solver,N,p,average_ms,min_ms,max_ms
gcc,-O0,gaussian,20000,50,477.40,473,481
gcc,-O0,gauss_jordan,20000,50,476.80,474,479
gcc,-O0,gaussian,50000,300,91200.00,87703,93130
gcc,-O0,gauss_jordan,50000,300,99630.20,94749,108371
gcc,-O0,gaussian,2000,2000,68866.00,68374,69232
gcc,-O0,gauss_jordan,2000,2000,88619.00,88010,89303
gcc,-O2,gaussian,20000,50,301.00,297,303
gcc,-O2,gauss_jordan,20000,50,300.60,299,302
gcc,-O2,gaussian,50000,300,26400.40,25602,27018
gcc,-O2,gauss_jordan,50000,300,25517.60,25390,25675
gcc,-O2,gaussian,2000,2000,24173.00,23966,24283
gcc,-O2,gauss_jordan,2000,2000,30076.20,29795,30277
gcc,-O3,gaussian,20000,50,305.60,305,306
gcc,-O3,gauss_jordan,20000,50,308.40,301,311
gcc,-O3,gaussian,50000,300,25629.60,25254,26106
gcc,-O3,gauss_jordan,50000,300,26005.20,25295,27022
gcc,-O3,gaussian,2000,2000,23610.40,23333,23896
gcc,-O3,gauss_jordan,2000,2000,28405.00,27494,29440
gcc,-Ofast,gaussian,20000,50,309.80,306,313
gcc,-Ofast,gauss_jordan,20000,50,313.80,311,315
gcc,-Ofast,gaussian,50000,300,25892.80,25486,26520
gcc,-Ofast,gauss_jordan,50000,300,25524.60,25339,25712
